parameter,value
stress_threshold,0.48766355445766196
stress_share,0.15007356547327122
p01,0.017321016166281754
p10,0.09803921568627451
n_calm_days,1733.0
n_stress_days,306.0
