,NVDA,AVGO,MU,AMAT,LRCX
NVDA,1.0,0.5655323435819359,0.5398354440798326,0.6143746029693187,0.6056843382342815
AVGO,0.5655323435819359,1.0,0.5259510863593277,0.5808990554818931,0.5821546607315273
MU,0.5398354440798326,0.5259510863593277,1.0,0.6555555395736622,0.6994686137734479
AMAT,0.6143746029693187,0.5808990554818931,0.6555555395736622,1.0,0.8949398482894647
LRCX,0.6056843382342815,0.5821546607315273,0.6994686137734479,0.8949398482894647,1.0
