,NVDA,AVGO,MU,AMAT,LRCX
NVDA,1.0,0.6433161184339737,0.6104456998468015,0.6734607963304156,0.6643341831111806
AVGO,0.6433161184339737,1.0,0.6162340306701654,0.6692965905411365,0.669178857320625
MU,0.6104456998468015,0.6162340306701654,1.0,0.7204561895226115,0.7560010409937019
AMAT,0.6734607963304156,0.6692965905411365,0.7204561895226115,1.0,0.9127405249054018
LRCX,0.6643341831111806,0.669178857320625,0.7560010409937019,0.9127405249054018,1.0
