matrix,min_eigenvalue
constant,0.0849159398612121
calm,0.10221732124258581
stress,0.05220703508040827
