strategy,premium_basis,terminal_adjustment_applied,mean_pnl,std_pnl,median_pnl,q05_pnl,q01_pnl,min_pnl,max_pnl
Constant-correlation hedge (adjusted),Regime initial premium,0.5065594130253985,0.1104878588747772,3.6858581719808696,0.11648678714044403,-6.011506529955724,-9.016698527131151,-14.576120641996846,9.078959804011022
Regime-switching hedge,Regime initial premium,0.0,0.10466119877751923,3.6398936530695885,0.1638743272960249,-6.6221639805028785,-8.921310498074652,-15.109877660701578,8.849036253574056
