,to_calm,to_stress
calm,0.9826789838337182,0.017321016166281754
stress,0.09803921568627451,0.9019607843137255
