,NVDA,AVGO,MU,AMAT,LRCX
NVDA,1.0,0.7821840075181432,0.7543851489117175,0.782986750532814,0.7691026298172668
AVGO,0.7821840075181432,1.0,0.7950288424756777,0.8256387106403622,0.81606908444877
MU,0.7543851489117175,0.7950288424756777,1.0,0.8562309477495049,0.8762641200511555
AMAT,0.782986750532814,0.8256387106403622,0.8562309477495049,1.0,0.9456512955153806
LRCX,0.7691026298172668,0.81606908444877,0.8762641200511555,0.9456512955153806,1.0
