,Asset 1,Asset 2,Asset 3
Asset 1,1.0,0.34884021305136276,0.34853632808307605
Asset 2,0.3488402130513627,1.0,0.34918281392682327
Asset 3,0.34853632808307605,0.34918281392682327,1.0
