,Asset 1,Asset 2,Asset 3
Asset 1,1.0,0.30783139669457543,0.3066026319031792
Asset 2,0.30783139669457543,1.0,0.30568844610953144
Asset 3,0.3066026319031792,0.30568844610953144,1.0
