rho_stress,avg_std_pnl_constant,avg_std_pnl_regime,avg_q01_pnl_constant,avg_q01_pnl_regime,std_gap_constant_minus_regime,q01_gap_regime_minus_constant
0.35,1.4948206118462597,1.491691383948019,-3.783948847648062,-4.5856104789492305,0.0031292278982406607,-0.8016616313011684
0.55,1.5414852621620563,1.5412831495674455,-3.3840780471350946,-3.701812640420116,0.00020211259461078157,-0.3177345932850213
0.75,1.6296838631874178,1.6220786189445766,-3.975127081058432,-3.8629879453677325,0.007605244242841147,0.11213913569069955
0.9,1.6631021781346522,1.677557460074268,-4.045910150173854,-3.895074139754271,-0.01445528193961576,0.15083601041958294
0.95,1.8516682390088146,1.8471945357695776,-5.321259654194627,-5.3389901717310675,0.004473703239237015,-0.017730517536440615
0.98,1.7528702865620824,1.692186998611385,-4.880708448296888,-4.461067041862728,0.06068328795069733,0.4196414064341596
