,Asset 1,Asset 2,Asset 3
Asset 1,1.0,0.35031443359718173,0.34967374342063984
Asset 2,0.35031443359718173,1.0,0.34886292570985566
Asset 3,0.34967374342063984,0.34886292570985566,1.0
