,Asset 1,Asset 2,Asset 3
Asset 1,1.0,0.30745018897954723,0.30843941214001347
Asset 2,0.30745018897954723,1.0,0.30897100473322137
Asset 3,0.30843941214001347,0.30897100473322137,1.0
